Product,ShortDescription,Applications
GreenRoof™,A modular green roofing system with smart sensors,Smart Irrigation|Pollinator Patches|Air Purification Zones
PureStream Filters™,Bio-engineered filters that purify water without chemicals,Microbial Cleansing|Floating Gardens|Portable Units
TerraCharge™,Tiles that convert foot traffic into energy,Energy Storage|Intelligent Lighting|Interactive Displays
EcoLearn Hub™,Digital platform offering educational courses on sustainable living,DIY Workshops|Children's Series|Global Webinars
